id,title,content,publication_date,source_url
251901815747778557,Title 1,Content 1,2022-02-01 12:00:00,http://example.com/article1
260395473758178778,Title 2,Content 2,2022-02-02 12:00:00,http://example.com/article2
1835354734972462841,Title 1,Content 1,2022-02-01 12:00:00,http://example.com/article1
-8493925163889571933,Title 2,Content 2,2022-02-02 12:00:00,http://example.com/article2
1011899259189369231,Title 1,Content 1,2022-02-01 12:00:00,http://example.com/article1
628653708342462986,Title 2,Content 2,2022-02-02 12:00:00,http://example.com/article2
5917170439929487718,Title 1,Content 1,2022-02-01 12:00:00,http://example.com/article1
8715253261445198278,Title 2,Content 2,2022-02-02 12:00:00,http://example.com/article2
-181272680621678676,Title 1,Content 1,2022-02-01 12:00:00,http://example.com/article1
7702723559937545315,Title 2,Content 2,2022-02-02 12:00:00,http://example.com/article2
-8292823062884163520,Title 1,Content 1,2022-02-01 12:00:00,http://example.com/article1
3941580625650173917,Title 2,Content 2,2022-02-02 12:00:00,http://example.com/article2
-6957183975548210452,Title 1,Content 1,2022-02-01 12:00:00,http://example.com/article1
-4240477016723807123,Title 2,Content 2,2022-02-02 12:00:00,http://example.com/article2
-5495303872126533908,Title 1,Content 1,2022-02-01 12:00:00,http://example.com/article1
3699178778285901475,Title 2,Content 2,2022-02-02 12:00:00,http://example.com/article2
6297926613067994589,Title 1,Content 1,2022-02-01 12:00:00,http://example.com/article1
9019749201740991079,Title 2,Content 2,2022-02-02 12:00:00,http://example.com/article2
